--异常记录表
INSERT INTO TEACHER.ACCOUNT_ERROR_DETAILS (AE_ID, ACCOUNT_TIME, BANK_ID, BT_ID, CUSTOMER_ID, ERROR_TYPE, PAY_ID) VALUES (100000022, TO_DATE('2018-09-03 00:00:00', 'YYYY-MM-DD HH24:MI:SS'), 'ICBC', 5052, 1027, '0', 6054);

--总账表
INSERT INTO TEACHER.ACCOUNT_TOTAL (AT_ID, ACCOUNT_DATE, BANK_ID, BANK_COUNT, BANK_AMOUNT, ENTERPRISE_COUNT, ENTERPRISE_AMOUNT, IS_SUCCESS) VALUES (100000045, TO_DATE('2018-09-03 00:00:00', 'YYYY-MM-DD HH24:MI:SS'), 'ICBC', 1, 100.00, 2, 200.00, '01');

--余额记录表
INSERT INTO TEACHER.BALANCE (BALANCE_ID, CUSTOMER_ID, BALANCE_TYPE, BALANCE_DELTA, PR_ID, PAY_ID, BT_ID, TIME_CUR) VALUES (100000041, 1021, '3', 50.88, null, 6035, 5041, TO_DATE('2019-02-20 12:59:11', 'YYYY-MM-DD HH24:MI:SS'));
INSERT INTO TEACHER.BALANCE (BALANCE_ID, CUSTOMER_ID, BALANCE_TYPE, BALANCE_DELTA, PR_ID, PAY_ID, BT_ID, TIME_CUR) VALUES (100000060, 1025, '1', 32.43, null, 6047, 5047, TO_DATE('2018-08-31 10:08:01', 'YYYY-MM-DD HH24:MI:SS'));
INSERT INTO TEACHER.BALANCE (BALANCE_ID, CUSTOMER_ID, BALANCE_TYPE, BALANCE_DELTA, PR_ID, PAY_ID, BT_ID, TIME_CUR) VALUES (100000061, 1025, '3', 67.57, null, 6047, 5047, TO_DATE('2018-08-31 10:15:34', 'YYYY-MM-DD HH24:MI:SS'));
INSERT INTO TEACHER.BALANCE (BALANCE_ID, CUSTOMER_ID, BALANCE_TYPE, BALANCE_DELTA, PR_ID, PAY_ID, BT_ID, TIME_CUR) VALUES (100000062, 1025, '2', 67.57, 4108, null, null, TO_DATE('2018-08-31 13:45:02', 'YYYY-MM-DD HH24:MI:SS'));
INSERT INTO TEACHER.BALANCE (BALANCE_ID, CUSTOMER_ID, BALANCE_TYPE, BALANCE_DELTA, PR_ID, PAY_ID, BT_ID, TIME_CUR) VALUES (100000063, 1025, '2', 32.43, 4109, null, null, TO_DATE('2018-08-31 13:45:02', 'YYYY-MM-DD HH24:MI:SS'));
INSERT INTO TEACHER.BALANCE (BALANCE_ID, CUSTOMER_ID, BALANCE_TYPE, BALANCE_DELTA, PR_ID, PAY_ID, BT_ID, TIME_CUR) VALUES (100000064, 1025, '1', 87.04, null, 6049, 5048, TO_DATE('2018-08-31 13:45:25', 'YYYY-MM-DD HH24:MI:SS'));
INSERT INTO TEACHER.BALANCE (BALANCE_ID, CUSTOMER_ID, BALANCE_TYPE, BALANCE_DELTA, PR_ID, PAY_ID, BT_ID, TIME_CUR) VALUES (100000039, 1021, '2', 50.00, 4092, null, null, TO_DATE('2019-02-20 12:59:11', 'YYYY-MM-DD HH24:MI:SS'));
INSERT INTO TEACHER.BALANCE (BALANCE_ID, CUSTOMER_ID, BALANCE_TYPE, BALANCE_DELTA, PR_ID, PAY_ID, BT_ID, TIME_CUR) VALUES (100000040, 1021, '1', 49.12, null, 6035, 5041, TO_DATE('2019-02-20 12:59:11', 'YYYY-MM-DD HH24:MI:SS'));
INSERT INTO TEACHER.BALANCE (BALANCE_ID, CUSTOMER_ID, BALANCE_TYPE, BALANCE_DELTA, PR_ID, PAY_ID, BT_ID, TIME_CUR) VALUES (100000069, 1027, '2', 43.10, 4116, null, null, TO_DATE('2018-09-03 00:32:08', 'YYYY-MM-DD HH24:MI:SS'));
INSERT INTO TEACHER.BALANCE (BALANCE_ID, CUSTOMER_ID, BALANCE_TYPE, BALANCE_DELTA, PR_ID, PAY_ID, BT_ID, TIME_CUR) VALUES (100000070, 1027, '1', 100.00, null, 6056, 5053, TO_DATE('2018-09-03 00:32:08', 'YYYY-MM-DD HH24:MI:SS'));
INSERT INTO TEACHER.BALANCE (BALANCE_ID, CUSTOMER_ID, BALANCE_TYPE, BALANCE_DELTA, PR_ID, PAY_ID, BT_ID, TIME_CUR) VALUES (100000067, 1027, '1', 56.90, null, 6054, 5052, TO_DATE('2018-09-03 00:25:39', 'YYYY-MM-DD HH24:MI:SS'));
INSERT INTO TEACHER.BALANCE (BALANCE_ID, CUSTOMER_ID, BALANCE_TYPE, BALANCE_DELTA, PR_ID, PAY_ID, BT_ID, TIME_CUR) VALUES (100000068, 1027, '3', 43.10, null, 6054, 5052, TO_DATE('2018-09-03 00:27:12', 'YYYY-MM-DD HH24:MI:SS'));
INSERT INTO TEACHER.BALANCE (BALANCE_ID, CUSTOMER_ID, BALANCE_TYPE, BALANCE_DELTA, PR_ID, PAY_ID, BT_ID, TIME_CUR) VALUES (100000071, 1027, '3', 100.00, null, 6053, 5051, TO_DATE('2018-09-03 00:34:26', 'YYYY-MM-DD HH24:MI:SS'));
INSERT INTO TEACHER.BALANCE (BALANCE_ID, CUSTOMER_ID, BALANCE_TYPE, BALANCE_DELTA, PR_ID, PAY_ID, BT_ID, TIME_CUR) VALUES (100000072, 1027, '2', 67.82, 4114, null, null, TO_DATE('2018-09-03 00:50:17', 'YYYY-MM-DD HH24:MI:SS'));
INSERT INTO TEACHER.BALANCE (BALANCE_ID, CUSTOMER_ID, BALANCE_TYPE, BALANCE_DELTA, PR_ID, PAY_ID, BT_ID, TIME_CUR) VALUES (100000073, 1027, '2', 32.18, 4116, null, null, TO_DATE('2018-09-03 00:50:17', 'YYYY-MM-DD HH24:MI:SS'));
INSERT INTO TEACHER.BALANCE (BALANCE_ID, CUSTOMER_ID, BALANCE_TYPE, BALANCE_DELTA, PR_ID, PAY_ID, BT_ID, TIME_CUR) VALUES (100000074, 1027, '2', 73.55, 4118, null, null, TO_DATE('2018-09-03 00:50:17', 'YYYY-MM-DD HH24:MI:SS'));

--银行表
INSERT INTO TEACHER.BANK (BANK_ID, BANK_NAME) VALUES ('CMB', '中国招商银行');
INSERT INTO TEACHER.BANK (BANK_ID, BANK_NAME) VALUES ('CCB', '中国建设银行');
INSERT INTO TEACHER.BANK (BANK_ID, BANK_NAME) VALUES ('ICBC', '中国工商银行');

--银行卡表
INSERT INTO TEACHER.BANK_CARD (CARD_ID, BANK_ID, CUSTOMER_ID) VALUES (6210810788991001, 'CMB', 1001);
INSERT INTO TEACHER.BANK_CARD (CARD_ID, BANK_ID, CUSTOMER_ID) VALUES (6210810788993002, 'ICBC', 1003);
INSERT INTO TEACHER.BANK_CARD (CARD_ID, BANK_ID, CUSTOMER_ID) VALUES (6210810788993003, 'CCB', 1002);
INSERT INTO TEACHER.BANK_CARD (CARD_ID, BANK_ID, CUSTOMER_ID) VALUES (6210810788993004, 'CMB', 1004);
INSERT INTO TEACHER.BANK_CARD (CARD_ID, BANK_ID, CUSTOMER_ID) VALUES (6210810788993005, 'ICBC', 1000);
INSERT INTO TEACHER.BANK_CARD (CARD_ID, BANK_ID, CUSTOMER_ID) VALUES (6210810788993024, 'CCB', 1000);
INSERT INTO TEACHER.BANK_CARD (CARD_ID, BANK_ID, CUSTOMER_ID) VALUES (6210810788993033, 'ICBC', 1020);
INSERT INTO TEACHER.BANK_CARD (CARD_ID, BANK_ID, CUSTOMER_ID) VALUES (6210810788993034, 'ICBC', 1021);
INSERT INTO TEACHER.BANK_CARD (CARD_ID, BANK_ID, CUSTOMER_ID) VALUES (6210810788993043, 'ICBC', 1025);
INSERT INTO TEACHER.BANK_CARD (CARD_ID, BANK_ID, CUSTOMER_ID) VALUES (6210810788993044, 'ICBC', 1026);
INSERT INTO TEACHER.BANK_CARD (CARD_ID, BANK_ID, CUSTOMER_ID) VALUES (6210810788993045, 'CMB', 1025);
INSERT INTO TEACHER.BANK_CARD (CARD_ID, BANK_ID, CUSTOMER_ID) VALUES (6210810788993046, 'CCB', 1025);
INSERT INTO TEACHER.BANK_CARD (CARD_ID, BANK_ID, CUSTOMER_ID) VALUES (6210810788993047, 'ICBC', 1027);

--银行转账记录表
INSERT INTO TEACHER.BANK_TRANSFER_RECORD (BT_ID, BANK_ID, CUSTOMER_ID, TRANSFER_AMOUNT, TRANSFER_TIME, CARD_ID) VALUES (5004, 'CMB', 1001, 100.00, TO_DATE('2018-08-19 20:54:56', 'YYYY-MM-DD HH24:MI:SS'), 6210810788991001);
INSERT INTO TEACHER.BANK_TRANSFER_RECORD (BT_ID, BANK_ID, CUSTOMER_ID, TRANSFER_AMOUNT, TRANSFER_TIME, CARD_ID) VALUES (5005, 'CMB', 1001, 150.00, TO_DATE('2018-08-20 00:47:48', 'YYYY-MM-DD HH24:MI:SS'), 6210810788991001);
INSERT INTO TEACHER.BANK_TRANSFER_RECORD (BT_ID, BANK_ID, CUSTOMER_ID, TRANSFER_AMOUNT, TRANSFER_TIME, CARD_ID) VALUES (5006, 'ICBC', 1003, 81.00, TO_DATE('2018-08-20 19:54:56', 'YYYY-MM-DD HH24:MI:SS'), 6210810788993002);
INSERT INTO TEACHER.BANK_TRANSFER_RECORD (BT_ID, BANK_ID, CUSTOMER_ID, TRANSFER_AMOUNT, TRANSFER_TIME, CARD_ID) VALUES (5003, 'ICBC', 1000, 20.00, TO_DATE('2018-08-19 15:54:56', 'YYYY-MM-DD HH24:MI:SS'), 6210810788993005);
INSERT INTO TEACHER.BANK_TRANSFER_RECORD (BT_ID, BANK_ID, CUSTOMER_ID, TRANSFER_AMOUNT, TRANSFER_TIME, CARD_ID) VALUES (5051, 'ICBC', 1027, 100.00, TO_DATE('2018-09-03 00:25:14', 'YYYY-MM-DD HH24:MI:SS'), 6210810788993047);
INSERT INTO TEACHER.BANK_TRANSFER_RECORD (BT_ID, BANK_ID, CUSTOMER_ID, TRANSFER_AMOUNT, TRANSFER_TIME, CARD_ID) VALUES (5047, 'CMB', 1025, 100.00, TO_DATE('2018-08-31 10:08:01', 'YYYY-MM-DD HH24:MI:SS'), 6210810788993045);
INSERT INTO TEACHER.BANK_TRANSFER_RECORD (BT_ID, BANK_ID, CUSTOMER_ID, TRANSFER_AMOUNT, TRANSFER_TIME, CARD_ID) VALUES (5040, 'ICBC', 1021, 200.00, TO_DATE('2019-02-20 12:59:11', 'YYYY-MM-DD HH24:MI:SS'), 6210810788993034);
INSERT INTO TEACHER.BANK_TRANSFER_RECORD (BT_ID, BANK_ID, CUSTOMER_ID, TRANSFER_AMOUNT, TRANSFER_TIME, CARD_ID) VALUES (5048, 'CMB', 1025, 100.00, TO_DATE('2018-08-31 13:45:25', 'YYYY-MM-DD HH24:MI:SS'), 6210810788993045);
INSERT INTO TEACHER.BANK_TRANSFER_RECORD (BT_ID, BANK_ID, CUSTOMER_ID, TRANSFER_AMOUNT, TRANSFER_TIME, CARD_ID) VALUES (5041, 'ICBC', 1021, 100.00, TO_DATE('2019-02-20 13:00:49', 'YYYY-MM-DD HH24:MI:SS'), 6210810788993034);
INSERT INTO TEACHER.BANK_TRANSFER_RECORD (BT_ID, BANK_ID, CUSTOMER_ID, TRANSFER_AMOUNT, TRANSFER_TIME, CARD_ID) VALUES (5053, 'ICBC', 1027, 100.00, TO_DATE('2018-09-03 00:32:08', 'YYYY-MM-DD HH24:MI:SS'), 6210810788993047);

--数据字典 码表
INSERT INTO TEACHER.CODE_TABLE (C_KEY, C_VALUE) VALUES ('每度电价格', '0.49');
INSERT INTO TEACHER.CODE_TABLE (C_KEY, C_VALUE) VALUES ('居民当年违约金比例', '0.001');
INSERT INTO TEACHER.CODE_TABLE (C_KEY, C_VALUE) VALUES ('居民跨年违约金比例', '0.001');
INSERT INTO TEACHER.CODE_TABLE (C_KEY, C_VALUE) VALUES ('企业当年违约金比例', '0.002');
INSERT INTO TEACHER.CODE_TABLE (C_KEY, C_VALUE) VALUES ('企业跨年违约金比例', '0.003');

--客户表
INSERT INTO TEACHER.CUSTOMER (CUSTOMER_ID, CUSTOMER_NAME, ADDRESS, BALANCE, PSWORD) VALUES (1000, '裴行俭', '沈阳海润国际', 0.00, '1000');
INSERT INTO TEACHER.CUSTOMER (CUSTOMER_ID, CUSTOMER_NAME, ADDRESS, BALANCE, PSWORD) VALUES (1001, '秦良玉', '沈阳碧桂园银河城', 130.32, '1001');
INSERT INTO TEACHER.CUSTOMER (CUSTOMER_ID, CUSTOMER_NAME, ADDRESS, BALANCE, PSWORD) VALUES (1002, '潘育龙', '沈阳长白岛', 101.45, '1002');
INSERT INTO TEACHER.CUSTOMER (CUSTOMER_ID, CUSTOMER_NAME, ADDRESS, BALANCE, PSWORD) VALUES (1003, '卫青', '沈阳华强城', 90.81, '1003');
INSERT INTO TEACHER.CUSTOMER (CUSTOMER_ID, CUSTOMER_NAME, ADDRESS, BALANCE, PSWORD) VALUES (1004, '周亚夫', '沈阳恒大绿洲', 80.00, '1004');
INSERT INTO TEACHER.CUSTOMER (CUSTOMER_ID, CUSTOMER_NAME, ADDRESS, BALANCE, PSWORD) VALUES (1020, '用户1', '东北大学二舍', 0.00, '1234');
INSERT INTO TEACHER.CUSTOMER (CUSTOMER_ID, CUSTOMER_NAME, ADDRESS, BALANCE, PSWORD) VALUES (1025, 'Faker', '东北大学二舍', 87.04, '1234');
INSERT INTO TEACHER.CUSTOMER (CUSTOMER_ID, CUSTOMER_NAME, ADDRESS, BALANCE, PSWORD) VALUES (1026, 'Archer', '东北大学二舍', 50.00, '1234');
INSERT INTO TEACHER.CUSTOMER (CUSTOMER_ID, CUSTOMER_NAME, ADDRESS, BALANCE, PSWORD) VALUES (1021, '用户2', '东北大学二舍', 100.00, '1234');
INSERT INTO TEACHER.CUSTOMER (CUSTOMER_ID, CUSTOMER_NAME, ADDRESS, BALANCE, PSWORD) VALUES (1027, '叶成风', '东北大学二舍A', 83.35, '1234');

--设备表
INSERT INTO TEACHER.DEVICE (DEVICE_ID, CUSTOMER_ID, DEVICE_TYPE, DEVICE_NAME) VALUES (2000, 1000, '01', '沈阳海润国际1号楼101');
INSERT INTO TEACHER.DEVICE (DEVICE_ID, CUSTOMER_ID, DEVICE_TYPE, DEVICE_NAME) VALUES (2001, 1000, '02', '沈阳海润国际1号楼102');
INSERT INTO TEACHER.DEVICE (DEVICE_ID, CUSTOMER_ID, DEVICE_TYPE, DEVICE_NAME) VALUES (2002, 1001, '01', '沈阳碧桂园银河城1号楼101');
INSERT INTO TEACHER.DEVICE (DEVICE_ID, CUSTOMER_ID, DEVICE_TYPE, DEVICE_NAME) VALUES (2003, 1002, '01', '沈阳长白岛1号楼101');
INSERT INTO TEACHER.DEVICE (DEVICE_ID, CUSTOMER_ID, DEVICE_TYPE, DEVICE_NAME) VALUES (2006, 1003, '02', '沈阳华强城1号楼101');
INSERT INTO TEACHER.DEVICE (DEVICE_ID, CUSTOMER_ID, DEVICE_TYPE, DEVICE_NAME) VALUES (2004, 1002, '02', '沈阳长白岛1号楼102');
INSERT INTO TEACHER.DEVICE (DEVICE_ID, CUSTOMER_ID, DEVICE_TYPE, DEVICE_NAME) VALUES (2005, 1002, '01', '沈阳长白岛1号楼103');
INSERT INTO TEACHER.DEVICE (DEVICE_ID, CUSTOMER_ID, DEVICE_TYPE, DEVICE_NAME) VALUES (2007, 1004, '01', '沈阳恒大绿洲1号楼101');
INSERT INTO TEACHER.DEVICE (DEVICE_ID, CUSTOMER_ID, DEVICE_TYPE, DEVICE_NAME) VALUES (2008, 1000, '01', '沈阳海润国际1号楼103');
INSERT INTO TEACHER.DEVICE (DEVICE_ID, CUSTOMER_ID, DEVICE_TYPE, DEVICE_NAME) VALUES (2044, 1021, '01', '东北大学二舍A347表21');
INSERT INTO TEACHER.DEVICE (DEVICE_ID, CUSTOMER_ID, DEVICE_TYPE, DEVICE_NAME) VALUES (2042, 1020, '01', '东北大学二舍A347表11');
INSERT INTO TEACHER.DEVICE (DEVICE_ID, CUSTOMER_ID, DEVICE_TYPE, DEVICE_NAME) VALUES (2043, 1020, '02', '东北大学二舍A347表12');
INSERT INTO TEACHER.DEVICE (DEVICE_ID, CUSTOMER_ID, DEVICE_TYPE, DEVICE_NAME) VALUES (2048, 1025, '01', '东北大学二舍A347表A');
INSERT INTO TEACHER.DEVICE (DEVICE_ID, CUSTOMER_ID, DEVICE_TYPE, DEVICE_NAME) VALUES (2049, 1026, '01', '东北大学二舍A347表B');
INSERT INTO TEACHER.DEVICE (DEVICE_ID, CUSTOMER_ID, DEVICE_TYPE, DEVICE_NAME) VALUES (2050, 1025, '02', '东北大学二舍A347表AA');
INSERT INTO TEACHER.DEVICE (DEVICE_ID, CUSTOMER_ID, DEVICE_TYPE, DEVICE_NAME) VALUES (2051, 1027, '01', '东北大学二舍A666表1');
INSERT INTO TEACHER.DEVICE (DEVICE_ID, CUSTOMER_ID, DEVICE_TYPE, DEVICE_NAME) VALUES (2052, 1027, '02', '东北大学二舍A666表2');

--抄表记录表
INSERT INTO TEACHER.METER_LOG (MT_ID, MT_DATE, DEVICE_ID, CUSTOMER_ID, MT_NUMBER, MR_ID) VALUES (3006, TO_DATE('2018-07-05 00:00:00', 'YYYY-MM-DD HH24:MI:SS'), 2006, 1003, 64, 1);
INSERT INTO TEACHER.METER_LOG (MT_ID, MT_DATE, DEVICE_ID, CUSTOMER_ID, MT_NUMBER, MR_ID) VALUES (3000, TO_DATE('2018-01-05 00:00:00', 'YYYY-MM-DD HH24:MI:SS'), 2000, 1000, 50, 1);
INSERT INTO TEACHER.METER_LOG (MT_ID, MT_DATE, DEVICE_ID, CUSTOMER_ID, MT_NUMBER, MR_ID) VALUES (3001, TO_DATE('2018-01-05 00:00:00', 'YYYY-MM-DD HH24:MI:SS'), 2003, 1002, 75, 1);
INSERT INTO TEACHER.METER_LOG (MT_ID, MT_DATE, DEVICE_ID, CUSTOMER_ID, MT_NUMBER, MR_ID) VALUES (3002, TO_DATE('2018-02-05 00:00:00', 'YYYY-MM-DD HH24:MI:SS'), 2003, 1002, 175, 1);
INSERT INTO TEACHER.METER_LOG (MT_ID, MT_DATE, DEVICE_ID, CUSTOMER_ID, MT_NUMBER, MR_ID) VALUES (3003, TO_DATE('2018-02-05 00:00:00', 'YYYY-MM-DD HH24:MI:SS'), 2000, 1000, 90, 1);
INSERT INTO TEACHER.METER_LOG (MT_ID, MT_DATE, DEVICE_ID, CUSTOMER_ID, MT_NUMBER, MR_ID) VALUES (3004, TO_DATE('2018-06-05 00:00:00', 'YYYY-MM-DD HH24:MI:SS'), 2002, 1001, 90, 1);
INSERT INTO TEACHER.METER_LOG (MT_ID, MT_DATE, DEVICE_ID, CUSTOMER_ID, MT_NUMBER, MR_ID) VALUES (3005, TO_DATE('2018-07-05 00:00:00', 'YYYY-MM-DD HH24:MI:SS'), 2002, 1001, 210, 1);
INSERT INTO TEACHER.METER_LOG (MT_ID, MT_DATE, DEVICE_ID, CUSTOMER_ID, MT_NUMBER, MR_ID) VALUES (3007, TO_DATE('2018-07-05 00:00:00', 'YYYY-MM-DD HH24:MI:SS'), 2007, 1004, 98, 1);
INSERT INTO TEACHER.METER_LOG (MT_ID, MT_DATE, DEVICE_ID, CUSTOMER_ID, MT_NUMBER, MR_ID) VALUES (3101, TO_DATE('2018-11-05 00:00:00', 'YYYY-MM-DD HH24:MI:SS'), 2044, 1021, 276, 1);
INSERT INTO TEACHER.METER_LOG (MT_ID, MT_DATE, DEVICE_ID, CUSTOMER_ID, MT_NUMBER, MR_ID) VALUES (3102, TO_DATE('2018-12-05 00:00:00', 'YYYY-MM-DD HH24:MI:SS'), 2044, 1021, 364, 1);
INSERT INTO TEACHER.METER_LOG (MT_ID, MT_DATE, DEVICE_ID, CUSTOMER_ID, MT_NUMBER, MR_ID) VALUES (3103, TO_DATE('2019-01-05 00:00:00', 'YYYY-MM-DD HH24:MI:SS'), 2044, 1021, 464, 1);
INSERT INTO TEACHER.METER_LOG (MT_ID, MT_DATE, DEVICE_ID, CUSTOMER_ID, MT_NUMBER, MR_ID) VALUES (3104, TO_DATE('2019-02-05 00:00:00', 'YYYY-MM-DD HH24:MI:SS'), 2044, 1021, 552, 1);
INSERT INTO TEACHER.METER_LOG (MT_ID, MT_DATE, DEVICE_ID, CUSTOMER_ID, MT_NUMBER, MR_ID) VALUES (3105, TO_DATE('2018-09-05 00:00:00', 'YYYY-MM-DD HH24:MI:SS'), 2042, 1020, 88, 1);
INSERT INTO TEACHER.METER_LOG (MT_ID, MT_DATE, DEVICE_ID, CUSTOMER_ID, MT_NUMBER, MR_ID) VALUES (3108, TO_DATE('2018-02-20 00:00:00', 'YYYY-MM-DD HH24:MI:SS'), 2048, 1025, 88, 1);
INSERT INTO TEACHER.METER_LOG (MT_ID, MT_DATE, DEVICE_ID, CUSTOMER_ID, MT_NUMBER, MR_ID) VALUES (3099, TO_DATE('2018-09-05 00:00:00', 'YYYY-MM-DD HH24:MI:SS'), 2044, 1021, 88, 1);
INSERT INTO TEACHER.METER_LOG (MT_ID, MT_DATE, DEVICE_ID, CUSTOMER_ID, MT_NUMBER, MR_ID) VALUES (3100, TO_DATE('2018-10-05 00:00:00', 'YYYY-MM-DD HH24:MI:SS'), 2044, 1021, 176, 1);
INSERT INTO TEACHER.METER_LOG (MT_ID, MT_DATE, DEVICE_ID, CUSTOMER_ID, MT_NUMBER, MR_ID) VALUES (3109, TO_DATE('2018-03-20 00:00:00', 'YYYY-MM-DD HH24:MI:SS'), 2048, 1025, 150, 1);
INSERT INTO TEACHER.METER_LOG (MT_ID, MT_DATE, DEVICE_ID, CUSTOMER_ID, MT_NUMBER, MR_ID) VALUES (3116, TO_DATE('2017-10-05 00:00:00', 'YYYY-MM-DD HH24:MI:SS'), 2051, 1027, 188, 1);
INSERT INTO TEACHER.METER_LOG (MT_ID, MT_DATE, DEVICE_ID, CUSTOMER_ID, MT_NUMBER, MR_ID) VALUES (3117, TO_DATE('2017-10-05 00:00:00', 'YYYY-MM-DD HH24:MI:SS'), 2052, 1027, 200, 1);
INSERT INTO TEACHER.METER_LOG (MT_ID, MT_DATE, DEVICE_ID, CUSTOMER_ID, MT_NUMBER, MR_ID) VALUES (3119, TO_DATE('2017-11-05 00:00:00', 'YYYY-MM-DD HH24:MI:SS'), 2051, 1027, 288, 1);
INSERT INTO TEACHER.METER_LOG (MT_ID, MT_DATE, DEVICE_ID, CUSTOMER_ID, MT_NUMBER, MR_ID) VALUES (3114, TO_DATE('2017-09-05 00:00:00', 'YYYY-MM-DD HH24:MI:SS'), 2051, 1027, 88, 1);
INSERT INTO TEACHER.METER_LOG (MT_ID, MT_DATE, DEVICE_ID, CUSTOMER_ID, MT_NUMBER, MR_ID) VALUES (3115, TO_DATE('2017-09-05 00:00:00', 'YYYY-MM-DD HH24:MI:SS'), 2052, 1027, 88, 1);

--抄表员表
INSERT INTO TEACHER.METER_READER (MR_ID, MR_NAME, PSWORD) VALUES (1, '苏沐云', '1234');

--缴费日志表
INSERT INTO TEACHER.PAY_LOG (PAY_ID, CUSTOMER_ID, PAY_TIME, PAY_AMOUNT, PAY_TYPE, BANK_ID, BT_ID, NOTES) VALUES (6004, 1001, TO_DATE('2018-08-19 20:54:56', 'YYYY-MM-DD HH24:MI:SS'), 100.00, '01', 'CMB', 5004, '4004,54.43;');
INSERT INTO TEACHER.PAY_LOG (PAY_ID, CUSTOMER_ID, PAY_TIME, PAY_AMOUNT, PAY_TYPE, BANK_ID, BT_ID, NOTES) VALUES (6005, 1001, TO_DATE('2018-08-20 00:47:48', 'YYYY-MM-DD HH24:MI:SS'), 150.00, '01', 'CMB', 5005, '4005,70.42;');
INSERT INTO TEACHER.PAY_LOG (PAY_ID, CUSTOMER_ID, PAY_TIME, PAY_AMOUNT, PAY_TYPE, BANK_ID, BT_ID, NOTES) VALUES (6006, 1003, TO_DATE('2018-08-20 19:54:56', 'YYYY-MM-DD HH24:MI:SS'), 81.00, '01', 'ICBC', 5006, '4006,39.15;');
INSERT INTO TEACHER.PAY_LOG (PAY_ID, CUSTOMER_ID, PAY_TIME, PAY_AMOUNT, PAY_TYPE, BANK_ID, BT_ID, NOTES) VALUES (6003, 1000, TO_DATE('2018-08-19 15:54:56', 'YYYY-MM-DD HH24:MI:SS'), 20.00, '01', 'ICBC', 5003, '4000,20.00;');
INSERT INTO TEACHER.PAY_LOG (PAY_ID, CUSTOMER_ID, PAY_TIME, PAY_AMOUNT, PAY_TYPE, BANK_ID, BT_ID, NOTES) VALUES (6036, 1021, TO_DATE('2019-02-20 13:01:32', 'YYYY-MM-DD HH24:MI:SS'), 100.00, '02', 'ICBC', 5041, '冲正记录');
INSERT INTO TEACHER.PAY_LOG (PAY_ID, CUSTOMER_ID, PAY_TIME, PAY_AMOUNT, PAY_TYPE, BANK_ID, BT_ID, NOTES) VALUES (6047, 1025, TO_DATE('2018-08-31 10:08:01', 'YYYY-MM-DD HH24:MI:SS'), 100.00, '03', 'CMB', 5047, '4108,67.57;');
INSERT INTO TEACHER.PAY_LOG (PAY_ID, CUSTOMER_ID, PAY_TIME, PAY_AMOUNT, PAY_TYPE, BANK_ID, BT_ID, NOTES) VALUES (6048, 1025, TO_DATE('2018-08-31 10:15:34', 'YYYY-MM-DD HH24:MI:SS'), 100.00, '02', 'CMB', 5047, '冲正记录');
INSERT INTO TEACHER.PAY_LOG (PAY_ID, CUSTOMER_ID, PAY_TIME, PAY_AMOUNT, PAY_TYPE, BANK_ID, BT_ID, NOTES) VALUES (6049, 1025, TO_DATE('2018-08-31 13:45:25', 'YYYY-MM-DD HH24:MI:SS'), 100.00, '01', 'CMB', 5048, '4109,12.96;');
INSERT INTO TEACHER.PAY_LOG (PAY_ID, CUSTOMER_ID, PAY_TIME, PAY_AMOUNT, PAY_TYPE, BANK_ID, BT_ID, NOTES) VALUES (6055, 1027, TO_DATE('2018-09-03 00:27:12', 'YYYY-MM-DD HH24:MI:SS'), 100.00, '02', 'ICBC', 5052, '冲正记录');
INSERT INTO TEACHER.PAY_LOG (PAY_ID, CUSTOMER_ID, PAY_TIME, PAY_AMOUNT, PAY_TYPE, BANK_ID, BT_ID, NOTES) VALUES (6034, 1021, TO_DATE('2019-02-20 12:59:11', 'YYYY-MM-DD HH24:MI:SS'), 200.00, '01', 'ICBC', 5040, '4092,7.9;4093,56.32;4094,62.27;4095,53.22;4096,20.29;');
INSERT INTO TEACHER.PAY_LOG (PAY_ID, CUSTOMER_ID, PAY_TIME, PAY_AMOUNT, PAY_TYPE, BANK_ID, BT_ID, NOTES) VALUES (6035, 1021, TO_DATE('2019-02-20 13:00:49', 'YYYY-MM-DD HH24:MI:SS'), 100.00, '03', 'ICBC', 5041, '4098,50.88;');
INSERT INTO TEACHER.PAY_LOG (PAY_ID, CUSTOMER_ID, PAY_TIME, PAY_AMOUNT, PAY_TYPE, BANK_ID, BT_ID, NOTES) VALUES (6056, 1027, TO_DATE('2018-09-03 00:32:08', 'YYYY-MM-DD HH24:MI:SS'), 100.00, '01', 'ICBC', 5053, '4116,43.1;');
INSERT INTO TEACHER.PAY_LOG (PAY_ID, CUSTOMER_ID, PAY_TIME, PAY_AMOUNT, PAY_TYPE, BANK_ID, BT_ID, NOTES) VALUES (6057, 1027, TO_DATE('2018-09-03 00:34:26', 'YYYY-MM-DD HH24:MI:SS'), 100.00, '02', 'ICBC', 5051, '冲正记录');
INSERT INTO TEACHER.PAY_LOG (PAY_ID, CUSTOMER_ID, PAY_TIME, PAY_AMOUNT, PAY_TYPE, BANK_ID, BT_ID, NOTES) VALUES (6053, 1027, TO_DATE('2018-09-03 00:25:14', 'YYYY-MM-DD HH24:MI:SS'), 100.00, '03', 'ICBC', 5051, '4114,67.82;4116,32.18;');
INSERT INTO TEACHER.PAY_LOG (PAY_ID, CUSTOMER_ID, PAY_TIME, PAY_AMOUNT, PAY_TYPE, BANK_ID, BT_ID, NOTES) VALUES (6054, 1027, TO_DATE('2018-09-03 00:25:39', 'YYYY-MM-DD HH24:MI:SS'), 100.00, '03', 'ICBC', 5052, '4116,43.1;');

--电费清单表
INSERT INTO TEACHER.POWER_RATE_LIST (PR_ID, DEVICE_ID, CUSTOMER_ID, MT_DATE, BEGIN_NUMBER, END_NUMBER, BASIC_COST, ADDITIONAL_COST_1, ADDITIONAL_COST_2, PAID_FEE, ACTUAL_FEE, LATE_FEE, PAYABLE_DATE, PAY_DATE, ALREADY_FEE, PAY_STATE) VALUES (4006, 2006, 1003, TO_DATE('2018-07-05 00:00:00', 'YYYY-MM-DD HH24:MI:SS'), 0, 64, 31.36, 2.51, 4.70, 38.57, 39.15, 0.58, TO_DATE('2018-08-05 00:00:00', 'YYYY-MM-DD HH24:MI:SS'), TO_DATE('2018-08-20 19:54:56', 'YYYY-MM-DD HH24:MI:SS'), 39.15, '1');
INSERT INTO TEACHER.POWER_RATE_LIST (PR_ID, DEVICE_ID, CUSTOMER_ID, MT_DATE, BEGIN_NUMBER, END_NUMBER, BASIC_COST, ADDITIONAL_COST_1, ADDITIONAL_COST_2, PAID_FEE, ACTUAL_FEE, LATE_FEE, PAYABLE_DATE, PAY_DATE, ALREADY_FEE, PAY_STATE) VALUES (4000, 2000, 1000, TO_DATE('2018-01-05 00:00:00', 'YYYY-MM-DD HH24:MI:SS'), 0, 50, 24.50, 1.96, 2.45, 28.91, 34.89, 5.98, TO_DATE('2018-02-05 00:00:00', 'YYYY-MM-DD HH24:MI:SS'), TO_DATE('2018-08-19 15:54:56', 'YYYY-MM-DD HH24:MI:SS'), 20.00, '2');
INSERT INTO TEACHER.POWER_RATE_LIST (PR_ID, DEVICE_ID, CUSTOMER_ID, MT_DATE, BEGIN_NUMBER, END_NUMBER, BASIC_COST, ADDITIONAL_COST_1, ADDITIONAL_COST_2, PAID_FEE, ACTUAL_FEE, LATE_FEE, PAYABLE_DATE, PAY_DATE, ALREADY_FEE, PAY_STATE) VALUES (4001, 2003, 1002, TO_DATE('2018-01-05 00:00:00', 'YYYY-MM-DD HH24:MI:SS'), 0, 75, 36.75, 2.94, 3.68, 43.37, 52.17, 8.80, TO_DATE('2018-02-05 00:00:00', 'YYYY-MM-DD HH24:MI:SS'), null, 0.00, '0');
INSERT INTO TEACHER.POWER_RATE_LIST (PR_ID, DEVICE_ID, CUSTOMER_ID, MT_DATE, BEGIN_NUMBER, END_NUMBER, BASIC_COST, ADDITIONAL_COST_1, ADDITIONAL_COST_2, PAID_FEE, ACTUAL_FEE, LATE_FEE, PAYABLE_DATE, PAY_DATE, ALREADY_FEE, PAY_STATE) VALUES (4002, 2003, 1002, TO_DATE('2018-02-05 00:00:00', 'YYYY-MM-DD HH24:MI:SS'), 75, 175, 49.00, 3.92, 4.90, 57.82, 67.94, 10.12, TO_DATE('2018-03-05 00:00:00', 'YYYY-MM-DD HH24:MI:SS'), null, 0.00, '0');
INSERT INTO TEACHER.POWER_RATE_LIST (PR_ID, DEVICE_ID, CUSTOMER_ID, MT_DATE, BEGIN_NUMBER, END_NUMBER, BASIC_COST, ADDITIONAL_COST_1, ADDITIONAL_COST_2, PAID_FEE, ACTUAL_FEE, LATE_FEE, PAYABLE_DATE, PAY_DATE, ALREADY_FEE, PAY_STATE) VALUES (4003, 2000, 1000, TO_DATE('2018-02-05 00:00:00', 'YYYY-MM-DD HH24:MI:SS'), 50, 90, 19.60, 1.57, 1.96, 23.13, 27.27, 4.14, TO_DATE('2018-03-05 00:00:00', 'YYYY-MM-DD HH24:MI:SS'), null, 0.00, '0');
INSERT INTO TEACHER.POWER_RATE_LIST (PR_ID, DEVICE_ID, CUSTOMER_ID, MT_DATE, BEGIN_NUMBER, END_NUMBER, BASIC_COST, ADDITIONAL_COST_1, ADDITIONAL_COST_2, PAID_FEE, ACTUAL_FEE, LATE_FEE, PAYABLE_DATE, PAY_DATE, ALREADY_FEE, PAY_STATE) VALUES (4004, 2002, 1001, TO_DATE('2018-06-05 00:00:00', 'YYYY-MM-DD HH24:MI:SS'), 0, 90, 44.10, 3.53, 4.41, 52.04, 54.43, 2.39, TO_DATE('2018-07-05 00:00:00', 'YYYY-MM-DD HH24:MI:SS'), TO_DATE('2018-08-19 20:54:56', 'YYYY-MM-DD HH24:MI:SS'), 54.43, '1');
INSERT INTO TEACHER.POWER_RATE_LIST (PR_ID, DEVICE_ID, CUSTOMER_ID, MT_DATE, BEGIN_NUMBER, END_NUMBER, BASIC_COST, ADDITIONAL_COST_1, ADDITIONAL_COST_2, PAID_FEE, ACTUAL_FEE, LATE_FEE, PAYABLE_DATE, PAY_DATE, ALREADY_FEE, PAY_STATE) VALUES (4005, 2002, 1001, TO_DATE('2018-07-05 00:00:00', 'YYYY-MM-DD HH24:MI:SS'), 90, 210, 58.80, 4.70, 5.88, 69.38, 70.42, 1.04, TO_DATE('2018-08-05 00:00:00', 'YYYY-MM-DD HH24:MI:SS'), TO_DATE('2018-08-20 00:47:48', 'YYYY-MM-DD HH24:MI:SS'), 70.42, '1');
INSERT INTO TEACHER.POWER_RATE_LIST (PR_ID, DEVICE_ID, CUSTOMER_ID, MT_DATE, BEGIN_NUMBER, END_NUMBER, BASIC_COST, ADDITIONAL_COST_1, ADDITIONAL_COST_2, PAID_FEE, ACTUAL_FEE, LATE_FEE, PAYABLE_DATE, PAY_DATE, ALREADY_FEE, PAY_STATE) VALUES (4007, 2007, 1004, TO_DATE('2018-07-05 00:00:00', 'YYYY-MM-DD HH24:MI:SS'), 0, 98, 48.02, 3.84, 4.80, 56.66, 57.51, 0.85, TO_DATE('2018-08-05 00:00:00', 'YYYY-MM-DD HH24:MI:SS'), null, 0.00, '0');
INSERT INTO TEACHER.POWER_RATE_LIST (PR_ID, DEVICE_ID, CUSTOMER_ID, MT_DATE, BEGIN_NUMBER, END_NUMBER, BASIC_COST, ADDITIONAL_COST_1, ADDITIONAL_COST_2, PAID_FEE, ACTUAL_FEE, LATE_FEE, PAYABLE_DATE, PAY_DATE, ALREADY_FEE, PAY_STATE) VALUES (4093, 2044, 1021, TO_DATE('2018-10-05 00:00:00', 'YYYY-MM-DD HH24:MI:SS'), 88, 176, 43.12, 3.45, 4.31, 50.88, 56.32, 5.44, TO_DATE('2018-11-05 00:00:00', 'YYYY-MM-DD HH24:MI:SS'), TO_DATE('2019-02-20 12:59:11', 'YYYY-MM-DD HH24:MI:SS'), 56.32, '1');
INSERT INTO TEACHER.POWER_RATE_LIST (PR_ID, DEVICE_ID, CUSTOMER_ID, MT_DATE, BEGIN_NUMBER, END_NUMBER, BASIC_COST, ADDITIONAL_COST_1, ADDITIONAL_COST_2, PAID_FEE, ACTUAL_FEE, LATE_FEE, PAYABLE_DATE, PAY_DATE, ALREADY_FEE, PAY_STATE) VALUES (4094, 2044, 1021, TO_DATE('2018-11-05 00:00:00', 'YYYY-MM-DD HH24:MI:SS'), 176, 276, 49.00, 3.92, 4.90, 57.82, 62.27, 4.45, TO_DATE('2018-12-05 00:00:00', 'YYYY-MM-DD HH24:MI:SS'), TO_DATE('2019-02-20 12:59:11', 'YYYY-MM-DD HH24:MI:SS'), 62.27, '1');
INSERT INTO TEACHER.POWER_RATE_LIST (PR_ID, DEVICE_ID, CUSTOMER_ID, MT_DATE, BEGIN_NUMBER, END_NUMBER, BASIC_COST, ADDITIONAL_COST_1, ADDITIONAL_COST_2, PAID_FEE, ACTUAL_FEE, LATE_FEE, PAYABLE_DATE, PAY_DATE, ALREADY_FEE, PAY_STATE) VALUES (4095, 2044, 1021, TO_DATE('2018-12-05 00:00:00', 'YYYY-MM-DD HH24:MI:SS'), 276, 364, 43.12, 3.45, 4.31, 50.88, 53.22, 2.34, TO_DATE('2019-01-05 00:00:00', 'YYYY-MM-DD HH24:MI:SS'), TO_DATE('2019-02-20 12:59:11', 'YYYY-MM-DD HH24:MI:SS'), 53.22, '1');
INSERT INTO TEACHER.POWER_RATE_LIST (PR_ID, DEVICE_ID, CUSTOMER_ID, MT_DATE, BEGIN_NUMBER, END_NUMBER, BASIC_COST, ADDITIONAL_COST_1, ADDITIONAL_COST_2, PAID_FEE, ACTUAL_FEE, LATE_FEE, PAYABLE_DATE, PAY_DATE, ALREADY_FEE, PAY_STATE) VALUES (4096, 2044, 1021, TO_DATE('2019-01-05 00:00:00', 'YYYY-MM-DD HH24:MI:SS'), 364, 464, 49.00, 3.92, 4.90, 57.82, 58.69, 0.87, TO_DATE('2019-02-05 00:00:00', 'YYYY-MM-DD HH24:MI:SS'), TO_DATE('2019-02-20 12:59:11', 'YYYY-MM-DD HH24:MI:SS'), 20.29, '2');
INSERT INTO TEACHER.POWER_RATE_LIST (PR_ID, DEVICE_ID, CUSTOMER_ID, MT_DATE, BEGIN_NUMBER, END_NUMBER, BASIC_COST, ADDITIONAL_COST_1, ADDITIONAL_COST_2, PAID_FEE, ACTUAL_FEE, LATE_FEE, PAYABLE_DATE, PAY_DATE, ALREADY_FEE, PAY_STATE) VALUES (4097, 2044, 1021, TO_DATE('2019-02-05 00:00:00', 'YYYY-MM-DD HH24:MI:SS'), 464, 552, 43.12, 3.45, 4.31, 50.88, 50.88, 0.00, TO_DATE('2019-03-05 00:00:00', 'YYYY-MM-DD HH24:MI:SS'), null, 0.00, '0');
INSERT INTO TEACHER.POWER_RATE_LIST (PR_ID, DEVICE_ID, CUSTOMER_ID, MT_DATE, BEGIN_NUMBER, END_NUMBER, BASIC_COST, ADDITIONAL_COST_1, ADDITIONAL_COST_2, PAID_FEE, ACTUAL_FEE, LATE_FEE, PAYABLE_DATE, PAY_DATE, ALREADY_FEE, PAY_STATE) VALUES (4098, 2042, 1020, TO_DATE('2018-09-05 00:00:00', 'YYYY-MM-DD HH24:MI:SS'), 0, 88, 43.12, 3.45, 4.31, 50.88, 50.88, 0.00, TO_DATE('2018-10-05 00:00:00', 'YYYY-MM-DD HH24:MI:SS'), null, 0.00, '0');
INSERT INTO TEACHER.POWER_RATE_LIST (PR_ID, DEVICE_ID, CUSTOMER_ID, MT_DATE, BEGIN_NUMBER, END_NUMBER, BASIC_COST, ADDITIONAL_COST_1, ADDITIONAL_COST_2, PAID_FEE, ACTUAL_FEE, LATE_FEE, PAYABLE_DATE, PAY_DATE, ALREADY_FEE, PAY_STATE) VALUES (4092, 2044, 1021, TO_DATE('2018-09-05 00:00:00', 'YYYY-MM-DD HH24:MI:SS'), 0, 88, 43.12, 3.45, 4.31, 50.88, 57.90, 7.02, TO_DATE('2018-10-05 00:00:00', 'YYYY-MM-DD HH24:MI:SS'), TO_DATE('2019-02-20 12:59:11', 'YYYY-MM-DD HH24:MI:SS'), 57.90, '1');
INSERT INTO TEACHER.POWER_RATE_LIST (PR_ID, DEVICE_ID, CUSTOMER_ID, MT_DATE, BEGIN_NUMBER, END_NUMBER, BASIC_COST, ADDITIONAL_COST_1, ADDITIONAL_COST_2, PAID_FEE, ACTUAL_FEE, LATE_FEE, PAYABLE_DATE, PAY_DATE, ALREADY_FEE, PAY_STATE) VALUES (4108, 2048, 1025, TO_DATE('2018-02-20 00:00:00', 'YYYY-MM-DD HH24:MI:SS'), 0, 88, 43.12, 3.45, 4.31, 50.88, 67.57, 16.69, TO_DATE('2018-03-20 00:00:00', 'YYYY-MM-DD HH24:MI:SS'), TO_DATE('2018-03-20 00:00:00', 'YYYY-MM-DD HH24:MI:SS'), 67.57, '1');
INSERT INTO TEACHER.POWER_RATE_LIST (PR_ID, DEVICE_ID, CUSTOMER_ID, MT_DATE, BEGIN_NUMBER, END_NUMBER, BASIC_COST, ADDITIONAL_COST_1, ADDITIONAL_COST_2, PAID_FEE, ACTUAL_FEE, LATE_FEE, PAYABLE_DATE, PAY_DATE, ALREADY_FEE, PAY_STATE) VALUES (4109, 2048, 1025, TO_DATE('2018-03-20 00:00:00', 'YYYY-MM-DD HH24:MI:SS'), 88, 150, 30.38, 2.43, 3.04, 35.85, 45.39, 9.54, TO_DATE('2018-04-20 00:00:00', 'YYYY-MM-DD HH24:MI:SS'), TO_DATE('2018-08-31 13:45:25', 'YYYY-MM-DD HH24:MI:SS'), 45.39, '1');
INSERT INTO TEACHER.POWER_RATE_LIST (PR_ID, DEVICE_ID, CUSTOMER_ID, MT_DATE, BEGIN_NUMBER, END_NUMBER, BASIC_COST, ADDITIONAL_COST_1, ADDITIONAL_COST_2, PAID_FEE, ACTUAL_FEE, LATE_FEE, PAYABLE_DATE, PAY_DATE, ALREADY_FEE, PAY_STATE) VALUES (4115, 2052, 1027, TO_DATE('2017-09-05 00:00:00', 'YYYY-MM-DD HH24:MI:SS'), 0, 88, 43.12, 3.45, 6.47, 53.04, 101.41, 48.37, TO_DATE('2017-10-05 00:00:00', 'YYYY-MM-DD HH24:MI:SS'), null, 0.00, '0');
INSERT INTO TEACHER.POWER_RATE_LIST (PR_ID, DEVICE_ID, CUSTOMER_ID, MT_DATE, BEGIN_NUMBER, END_NUMBER, BASIC_COST, ADDITIONAL_COST_1, ADDITIONAL_COST_2, PAID_FEE, ACTUAL_FEE, LATE_FEE, PAYABLE_DATE, PAY_DATE, ALREADY_FEE, PAY_STATE) VALUES (4116, 2051, 1027, TO_DATE('2017-10-05 00:00:00', 'YYYY-MM-DD HH24:MI:SS'), 88, 188, 49.00, 3.92, 4.90, 57.82, 75.28, 17.46, TO_DATE('2017-11-05 00:00:00', 'YYYY-MM-DD HH24:MI:SS'), TO_DATE('2017-11-05 00:00:00', 'YYYY-MM-DD HH24:MI:SS'), 75.28, '1');
INSERT INTO TEACHER.POWER_RATE_LIST (PR_ID, DEVICE_ID, CUSTOMER_ID, MT_DATE, BEGIN_NUMBER, END_NUMBER, BASIC_COST, ADDITIONAL_COST_1, ADDITIONAL_COST_2, PAID_FEE, ACTUAL_FEE, LATE_FEE, PAYABLE_DATE, PAY_DATE, ALREADY_FEE, PAY_STATE) VALUES (4117, 2052, 1027, TO_DATE('2017-10-05 00:00:00', 'YYYY-MM-DD HH24:MI:SS'), 88, 200, 54.88, 4.39, 8.23, 67.50, 124.88, 57.38, TO_DATE('2017-11-05 00:00:00', 'YYYY-MM-DD HH24:MI:SS'), null, 0.00, '0');
INSERT INTO TEACHER.POWER_RATE_LIST (PR_ID, DEVICE_ID, CUSTOMER_ID, MT_DATE, BEGIN_NUMBER, END_NUMBER, BASIC_COST, ADDITIONAL_COST_1, ADDITIONAL_COST_2, PAID_FEE, ACTUAL_FEE, LATE_FEE, PAYABLE_DATE, PAY_DATE, ALREADY_FEE, PAY_STATE) VALUES (4118, 2051, 1027, TO_DATE('2017-11-05 00:00:00', 'YYYY-MM-DD HH24:MI:SS'), 188, 288, 49.00, 3.92, 4.90, 57.82, 73.55, 15.73, TO_DATE('2017-12-05 00:00:00', 'YYYY-MM-DD HH24:MI:SS'), TO_DATE('2017-11-05 00:00:00', 'YYYY-MM-DD HH24:MI:SS'), 73.55, '1');
INSERT INTO TEACHER.POWER_RATE_LIST (PR_ID, DEVICE_ID, CUSTOMER_ID, MT_DATE, BEGIN_NUMBER, END_NUMBER, BASIC_COST, ADDITIONAL_COST_1, ADDITIONAL_COST_2, PAID_FEE, ACTUAL_FEE, LATE_FEE, PAYABLE_DATE, PAY_DATE, ALREADY_FEE, PAY_STATE) VALUES (4114, 2051, 1027, TO_DATE('2017-09-05 00:00:00', 'YYYY-MM-DD HH24:MI:SS'), 0, 88, 43.12, 3.45, 4.31, 50.88, 67.82, 16.94, TO_DATE('2017-10-05 00:00:00', 'YYYY-MM-DD HH24:MI:SS'), TO_DATE('2017-11-05 00:00:00', 'YYYY-MM-DD HH24:MI:SS'), 67.82, '1');